time,x,y
0,0.0523575979946246,0.0246608757312846
0.001001001001001,0.0519720771667237,0.0251125960619383
0.002002002002002,0.0515497503811489,0.0256784288825095
0.003003003003003,0.0510972592992823,0.0264738338503839
0.004004004004004,0.0505825231156722,0.0275473381195819
0.005005005005005,0.049970368303422,0.0289191129101654
0.00600600600600601,0.0492080316073479,0.0305575053569746
0.00700700700700701,0.0482514264355514,0.0324493441265696
0.00800800800800801,0.0471197328073868,0.0345543064938899
0.00900900900900901,0.0458199873758734,0.0368576999386446
0.01001001001001,0.0443615429299553,0.0393207553592809
0.011011011011011,0.0427445041106188,0.0418749774587708
0.012012012012012,0.0409502217655683,0.0444566595244771
0.013013013013013,0.0389688222460897,0.0470179610890198
0.014014014014014,0.0367555497574759,0.0495254982203915
0.015015015015015,0.0343083011818136,0.0519407185431368
0.016016016016016,0.0316712644284993,0.0542673928379238
0.017017017017017,0.0289432501923387,0.0565146306255154
0.018018018018018,0.0262390163008628,0.0586701595797714
0.019019019019019,0.0236567341023799,0.0606697821951494
0.02002002002002,0.0212946453054668,0.0624812329217398
0.021021021021021,0.0192843286155121,0.0640957787920577
0.022022022022022,0.0177494520291293,0.0655904761214071
0.023023023023023,0.0168121378791237,0.0670193802536002
0.024024024024024,0.0165397545665846,0.068408249886518
0.025025025025025,0.0169203887140193,0.0697907527776119
0.026026026026026,0.0178904864676938,0.0712037938231585
0.027027027027027,0.0193885833548451,0.0726694596136421
0.028028028028028,0.0213624675245463,0.0742003826256618
0.029029029029029,0.0237722832865382,0.0758087494179396
0.03003003003003,0.0265654086573946,0.0774714393441388
0.031031031031031,0.0296941206702543,0.0791422029631296
0.032032032032032,0.0330902770862744,0.0807577565685986
0.033033033033033,0.0366636147968459,0.0822655470656717
0.034034034034034,0.0403190178357462,0.0836304296245782
0.035035035035035,0.0439891123921877,0.0848250094547448
0.036036036036036,0.0476318541415196,0.0858076251655096
0.037037037037037,0.0511995977426382,0.0865796879731408
0.038038038038038,0.0546420779116198,0.0871309797981078
0.039039039039039,0.0579278120387457,0.0874496991292244
0.04004004004004,0.0610172440767801,0.0875296283133702
0.041041041041041,0.0638703843195375,0.0874055429814138
0.042042042042042,0.06648623941622,0.0871460761006227
0.043043043043043,0.0688976539532094,0.0868213271539295
0.044044044044044,0.0711311602034874,0.0864871355748908
0.045045045045045,0.0731882565797294,0.0861809923593953
0.046046046046046,0.0750696369271022,0.0859091914499542
0.047047047047047,0.0767948362242045,0.0856542078845903
0.048048048048048,0.0783558961267549,0.085400314674883
0.049049049049049,0.0797338051220515,0.0851065273698105
0.05005005005005,0.0809489574504908,0.0847303407933378
0.0510510510510511,0.0820385978390979,0.0842205019013814
0.0520520520520521,0.0830297719791851,0.0835167058976861
0.0530530530530531,0.0839431344983526,0.0825720367568848
0.0540540540540541,0.0848047934893806,0.0814094519058701
0.0550550550550551,0.0856221626830718,0.0800340179457452
0.0560560560560561,0.08642534749212,0.0784427438345644
0.0570570570570571,0.0872131168877465,0.0766320740859069
0.0580580580580581,0.0879253899739036,0.0746048130514043
0.0590590590590591,0.0885191381545878,0.0723886543122822
0.0600600600600601,0.0889588836840144,0.0700393446705461
0.0610610610610611,0.0892368201368018,0.0675849342464028
0.0620620620620621,0.0893402069805561,0.065041009394346
0.0630630630630631,0.089241987930703,0.0624477118739048
0.0640640640640641,0.0889099955229099,0.0598477619441859
0.0650650650650651,0.0883440916427264,0.0572868797834733
0.0660660660660661,0.0875211845176033,0.0547838379001016
0.0670670670670671,0.0864153172736505,0.0523593642699155
0.0680680680680681,0.0849973569569383,0.0500456851928046
0.0690690690690691,0.0831931196088503,0.0478668780417969
0.0700700700700701,0.0809049182278071,0.045797547622309
0.0710710710710711,0.078088855545643,0.0437979918219293
0.0720720720720721,0.074743026712026,0.0418201586933962
0.0730730730730731,0.0709098919770167,0.0398490171507303
0.0740740740740741,0.0666430631659689,0.0378982152932286
0.0750750750750751,0.0619865434995683,0.0359893087646715
0.0760760760760761,0.0569997318841902,0.0341245969752627
0.0770770770770771,0.0517634450127703,0.0323061316237914
0.0780780780780781,0.0463584529347878,0.0305408315357034
0.0790790790790791,0.0408465383256634,0.028842548296574
0.0800800800800801,0.0352943420045962,0.0272582908625603
0.0810810810810811,0.0297448545533842,0.0258248127161693
0.0820820820820821,0.0242371927131542,0.0245485029877086
0.0830830830830831,0.0187845383617294,0.0234132656687593
0.0840840840840841,0.0133762084042739,0.0223745166005226
0.0850850850850851,0.00803046779286773,0.0214059298397788
0.0860860860860861,0.00277818529510595,0.0205052015958407
0.0870870870870871,-0.00233711311018719,0.0196680745101262
0.0880880880880881,-0.00727896706257795,0.0189110437673094
0.0890890890890891,-0.0119906325208527,0.0182283857785766
0.0900900900900901,-0.0164362299422542,0.017637724800782
0.0910910910910911,-0.0206000786048371,0.0171430396228489
0.0920920920920921,-0.0244974484652104,0.0167753582772036
0.0930930930930931,-0.028173784985939,0.0165966233751406
0.0940940940940941,-0.0316797908690011,0.0166217240997926
0.0950950950950951,-0.0350791901940872,0.0168304708289236
0.0960960960960961,-0.038415272690665,0.0171651408340917
0.0970970970970971,-0.041719002819362,0.0175643424098558
0.0980980980980981,-0.0450466971392861,0.0179396225525203
0.0990990990990991,-0.0484957578424964,0.0182076507795726
0.1001001001001,-0.0521424095934862,0.0183273121049182
0.101101101101101,-0.0560515443020505,0.0182971764867678
0.102102102102102,-0.0602639824019036,0.0181368325124285
0.103103103103103,-0.0648204674435014,0.0178744841261678
0.104104104104104,-0.0697443541641117,0.0175356825884464
0.105105105105105,-0.0750818750140121,0.0171529401419509
0.106106106106106,-0.0808949463995505,0.0167472771199377
0.107107107107107,-0.087206588955506,0.0163181280478551
0.108108108108108,-0.0939703749330304,0.015857476507397
0.109109109109109,-0.101114510210135,0.0153677272126271
0.11011011011011,-0.108541283215718,0.014868667801801
0.111111111111111,-0.116157438228278,0.0143983224254253
0.112112112112112,-0.123834709854951,0.0140108680442629
0.113113113113113,-0.131449319142089,0.01373479556096
0.114114114114114,-0.138921813849285,0.0135441604785337
0.115115115115115,-0.146200365071974,0.0133920635100578
0.116116116116116,-0.153231142097311,0.0132280527800149
0.117117117117117,-0.159936160292859,0.0130136998287715
0.118118118118118,-0.166256164441373,0.0127266354509227
0.119119119119119,-0.172159419075574,0.0123663161570222
0.12012012012012,-0.177649760348106,0.0119337339509059
0.121121121121121,-0.182793992369919,0.0114193847677016
0.122122122122122,-0.187660635816486,0.0108331075887357
0.123123123123123,-0.192270303587412,0.0101960226192319
0.124124124124124,-0.196616696622222,0.00954818336438956
0.125125125125125,-0.200704447145925,0.00892246881648365
0.126126126126126,-0.204522838568591,0.00833004224940153
0.127127127127127,-0.208056237081447,0.00781795985611509
0.128128128128128,-0.211294467240265,0.00745617201178357
0.129129129129129,-0.214253878078542,0.00734630966463701
0.13013013013013,-0.216913470291812,0.00757173839049463
0.131131131131131,-0.219264866146719,0.00817229273688945
0.132132132132132,-0.221293783864499,0.00918852685693922
0.133133133133133,-0.222974240432799,0.0106860419726337
0.134134134134134,-0.224277074654521,0.0126849138411412
0.135135135135135,-0.225207865274021,0.0151643267638444
0.136136136136136,-0.225798270852141,0.0180631570528377
0.137137137137137,-0.226089072815443,0.0213078830298805
0.138138138138138,-0.226117975520162,0.0247851739842228
0.139139139139139,-0.225920435803075,0.0283803512435264
0.14014014014014,-0.225553308722503,0.0320266741990861
0.141141141141141,-0.22507175125934,0.0357008021028687
0.142142142142142,-0.224535029193934,0.0393811460109483
0.143143143143143,-0.223996570787921,0.0430453798404974
0.144144144144144,-0.223510962475736,0.0466925191394611
0.145145145145145,-0.22313418964557,0.0503143366455013
0.146146146146146,-0.222920342228446,0.053898514220446
0.147147147147147,-0.222946082295827,0.0574376486425502
0.148148148148148,-0.223274411421741,0.0609237221582223
0.149149149149149,-0.223956105545045,0.0643491579161769
0.15015015015015,-0.225010071962584,0.0677001951475308
0.151151151151151,-0.226438716004066,0.0709484655269582
0.152152152152152,-0.228227920612509,0.07406703114562
0.153153153153153,-0.230350109978808,0.0770419889737867
0.154154154154154,-0.232749025445288,0.0798449376123377
0.155155155155155,-0.235389786108063,0.0824289608606006
0.156156156156156,-0.238266416587388,0.0847606714055704
0.157157157157157,-0.241375097111179,0.0867993242000524
0.158158158158158,-0.244721292961169,0.0885231379415381
0.159159159159159,-0.248308163834128,0.0899178909633018
0.16016016016016,-0.252108847056318,0.0909671515579814
0.161161161161161,-0.256083064815045,0.091670389010099
0.162162162162162,-0.260152892690482,0.0920074872100738
0.163163163163163,-0.264239774916525,0.0919395519232986
0.164164164164164,-0.268256201483814,0.0914318739856744
0.165165165165165,-0.272141945765554,0.0904450937381813
0.166166166166166,-0.275848632174098,0.088962046823192
0.167167167167167,-0.279330566629132,0.0869994021088957
0.168168168168168,-0.282534131393135,0.0845782097654247
0.169169169169169,-0.285400812204921,0.0817033566694856
0.17017017017017,-0.287916125778009,0.0783834855265697
0.171171171171171,-0.29009324485644,0.0746542110845688
0.172172172172172,-0.291968937090206,0.0705825820494111
0.173173173173173,-0.293569292564334,0.0662198840397286
0.174174174174174,-0.294930959615658,0.0616376822146195
0.175175175175175,-0.296109947203015,0.0568952394141432
0.176176176176176,-0.297125358722101,0.0520446619787986
0.177177177177177,-0.297941055010486,0.0471090801546284
0.178178178178178,-0.298526219578018,0.0420649968770761
0.179179179179179,-0.298923451540156,0.0369006085527674
0.18018018018018,-0.299186966222837,0.0316347711785228
0.181181181181181,-0.299375055445673,0.0263194482852744
0.182182182182182,-0.299507477427117,0.020976807826509
0.183183183183183,-0.299611969589953,0.0155774991103189
0.184184184184184,-0.299678359173565,0.0101192426357151
0.185185185185185,-0.299732580043677,0.00457372348813582
0.186186186186186,-0.299801911744191,-0.00110456381467981
0.187187187187187,-0.299888502639761,-0.00693639715626283
0.188188188188188,-0.299966467361394,-0.012924300410246
0.189189189189189,-0.299999391139449,-0.019053838201616
0.19019019019019,-0.299971897440499,-0.0253130193652986
0.191191191191191,-0.299879263498973,-0.0317137789550109
0.192192192192192,-0.29971969809266,-0.0382314545045116
0.193193193193193,-0.299510118045207,-0.0448109494196566
0.194194194194194,-0.299220314778402,-0.0514107656636564
0.195195195195195,-0.298822739046883,-0.0580137178590318
0.196196196196196,-0.298329769464803,-0.0645672635449367
0.197197197197197,-0.297750500176905,-0.0710513635390986
0.198198198198198,-0.2971282838901,-0.0774482874663228
0.199199199199199,-0.29649302000358,-0.0837529870218164
0.2002002002002,-0.295860749074439,-0.0899797996214079
0.201201201201201,-0.295228716075749,-0.096169560576536
0.202202202202202,-0.294584398495593,-0.102338992642893
0.203203203203203,-0.293901531636622,-0.108521870696514
0.204204204204204,-0.293128222075649,-0.114727978884284
0.205205205205205,-0.292240564414792,-0.120976021434317
0.206206206206206,-0.291209512495555,-0.127256858269804
0.207207207207207,-0.290011805936799,-0.133577277581415
0.208208208208208,-0.288619901740806,-0.139926914805111
0.209209209209209,-0.287025554173851,-0.146259436121279
0.21021021021021,-0.285254501171795,-0.152508172665604
0.211211211211211,-0.283311019624664,-0.158578747278565
0.212212212212212,-0.281197620527165,-0.164414378867028
0.213213213213213,-0.278912433828368,-0.169997932515527
0.214214214214214,-0.276435084452366,-0.175310949673714
0.215215215215215,-0.273748218575496,-0.180339746979665
0.216216216216216,-0.270817246080427,-0.185095930538757
0.217217217217217,-0.26763908263545,-0.189609189952655
0.218218218218218,-0.264248748714042,-0.193901829314906
0.219219219219219,-0.260664130336826,-0.197992340805883
0.22022022022022,-0.256937312461682,-0.201901999659175
0.221221221221221,-0.253140445768025,-0.205657461342098
0.222222222222222,-0.249360297132436,-0.209251544413037
0.223223223223223,-0.245651053027642,-0.212649742086279
0.224224224224224,-0.242083073632382,-0.215855761251791
0.225225225225225,-0.238686979642418,-0.21884595065822
0.226226226226226,-0.235474665680864,-0.221566766965711
0.227227227227227,-0.23249069011476,-0.223990209689675
0.228228228228228,-0.229788219711549,-0.226127740514851
0.229229229229229,-0.227420799582761,-0.227983931357747
0.23023023023023,-0.225410143594965,-0.229563804306886
0.231231231231231,-0.22375971831547,-0.230896927341844
0.232232232232232,-0.222491799822894,-0.232060954781319
0.233233233233233,-0.221630932997745,-0.233127844803459
0.234234234234234,-0.221205670360161,-0.234137276667196
0.235235235235235,-0.221244741951022,-0.235111546887705
0.236236236236236,-0.221766464647713,-0.236044040602172
0.237237237237237,-0.222806874925526,-0.236958780352137
0.238238238238238,-0.22437910073636,-0.237886091611078
0.239239239239239,-0.226425337275381,-0.238894598106984
0.24024024024024,-0.22884953891888,-0.240032745147754
0.241241241241241,-0.231539388799181,-0.241352531600698
0.242242242242242,-0.234394815654271,-0.242885159985801
0.243243243243243,-0.237324665153343,-0.244606029180749
0.244244244244244,-0.240272032813207,-0.246469890136268
0.245245245245245,-0.243224910831921,-0.248424717540102
0.246246246246246,-0.246168867765993,-0.25045164861374
0.247247247247247,-0.249120061272891,-0.252513564369495
0.248248248248248,-0.252085356889923,-0.254580275262769
0.249249249249249,-0.255081904663587,-0.256613535331503
0.25025025025025,-0.258093712379647,-0.25859526175811
0.251251251251251,-0.26112510532159,-0.260546456722471
0.252252252252252,-0.264193901595327,-0.262439797772423
0.253253253253253,-0.267327515992962,-0.264220685410504
0.254254254254254,-0.27056508767425,-0.265850339921147
0.255255255255255,-0.27389659819508,-0.267294486458808
0.256256256256256,-0.277304702373576,-0.268531084329428
0.257257257257257,-0.280787606217251,-0.269561017153169
0.258258258258258,-0.284348633227165,-0.270375763960123
0.259259259259259,-0.287967614436148,-0.270984553631218
0.26026026026026,-0.291633929121369,-0.271412260913441
0.261261261261261,-0.295368763296698,-0.271665465786634
0.262262262262262,-0.299184784858253,-0.271770492336802
0.263263263263263,-0.303061946990333,-0.271736472754159
0.264264264264264,-0.30699575237561,-0.271595925521298
0.265265265265265,-0.310944155900203,-0.271384981071578
0.266266266266266,-0.314842418859583,-0.27113473224961
0.267267267267267,-0.318634121957697,-0.270858566339214
0.268268268268268,-0.322266659827588,-0.270543140014725
0.269269269269269,-0.325686600638127,-0.270188720581305
0.27027027027027,-0.328822660711873,-0.269814231599655
0.271271271271271,-0.331623098036753,-0.269419582555564
0.272272272272272,-0.334035274423691,-0.269003907818011
0.273273273273273,-0.336070576947483,-0.26853543560365
0.274274274274274,-0.337775490427286,-0.267993197134235
0.275275275275275,-0.339215396154181,-0.267366296372592
0.276276276276276,-0.340433698700884,-0.266650705963581
0.277277277277277,-0.341476094536143,-0.265853933354865
0.278278278278278,-0.342395882931546,-0.264997065333561
0.279279279279279,-0.343267199975344,-0.264084088153731
0.28028028028028,-0.344146745938324,-0.263102207358766
0.281281281281281,-0.345062631376704,-0.262011104846593
0.282282282282282,-0.34604208411618,-0.260761807911218
0.283283283283283,-0.347100972143497,-0.259302331431488
0.284284284284284,-0.348231747342592,-0.257602366205032
0.285285285285285,-0.349412364893596,-0.255648512583336
0.286286286286286,-0.350614574546646,-0.253438844823375
0.287287287287287,-0.351817765025789,-0.250975453120757
0.288288288288288,-0.353021356221708,-0.248241576597082
0.289289289289289,-0.354239488110317,-0.245230859921074
0.29029029029029,-0.355440510527001,-0.241939856298902
0.291291291291291,-0.356633498776598,-0.238349191744617
0.292292292292292,-0.357840175957317,-0.234437097480502
0.293293293293293,-0.35906908877487,-0.230160390587514
0.294294294294294,-0.360322522230298,-0.225454849068239
0.295295295295295,-0.361632954487868,-0.22029278664957
0.296296296296296,-0.363011860140612,-0.214701828844793
0.297297297297297,-0.364430328526815,-0.2086932295366
0.298298298298298,-0.365857622655438,-0.202240882088759
0.299299299299299,-0.367237864874585,-0.195344868220538
0.3003003003003,-0.368534553642965,-0.188019484887574
0.301301301301301,-0.369721661546525,-0.180318455464841
0.302302302302302,-0.37075260257245,-0.172306085318475
0.303303303303303,-0.37161370551175,-0.164040181419936
0.304304304304304,-0.37230736868799,-0.155594024730555
0.305305305305305,-0.372829342589789,-0.14707271244791
0.306306306306306,-0.373163480081192,-0.138633789276288
0.307307307307307,-0.373290089254091,-0.13042887191731
0.308308308308308,-0.373214385192847,-0.122581950576467
0.309309309309309,-0.372949616279797,-0.115189473142653
0.31031031031031,-0.372489638365753,-0.108318406275999
0.311311311311311,-0.371845774152978,-0.102010536521145
0.312312312312312,-0.37104237137216,-0.0963169949955169
0.313313313313313,-0.370121597498403,-0.0912899177933414
0.314314314314314,-0.369130999664232,-0.0869889918934001
0.315315315315315,-0.368143912181817,-0.0834348027669908
0.316316316316316,-0.367217617989123,-0.0806378537802162
0.317317317317317,-0.366422530960602,-0.0786009259647689
0.318318318318318,-0.365802144220814,-0.0773355076166655
0.319319319319319,-0.365361475233115,-0.0768093548998789
0.32032032032032,-0.365088470172883,-0.0769757119007794
0.321321321321321,-0.364969441895352,-0.0778000401869027
0.322322322322322,-0.364973576413898,-0.0792437460001986
0.323323323323323,-0.365056629384041,-0.0812784515329972
0.324324324324324,-0.365176599419277,-0.0838530470607256
0.325325325325325,-0.365280994960938,-0.086928984830935
0.326326326326326,-0.365326673914237,-0.0904179530556268
0.327327327327327,-0.365264096677775,-0.0942286980608259
0.328328328328328,-0.365065455207229,-0.0983094473769984
0.329329329329329,-0.364692295105088,-0.102628174106169
0.33033033033033,-0.364150061707035,-0.1071457549275
0.331331331331331,-0.363461278623348,-0.111804560244937
0.332332332332332,-0.362646560810504,-0.116602533246841
0.333333333333333,-0.36172647826511,-0.121545745813967
0.334334334334334,-0.360713691138651,-0.126623508858487
0.335335335335335,-0.359665804122542,-0.131842584465261
0.336336336336336,-0.358612809256871,-0.137165351313823
0.337337337337337,-0.357564844297469,-0.14255129083293
0.338338338338338,-0.356509740305206,-0.14799256775776
0.339339339339339,-0.355443752320023,-0.153485981342911
0.34034034034034,-0.354371870366918,-0.158982787070902
0.341341341341341,-0.353249638193752,-0.1644156393406
0.342342342342342,-0.352026387800636,-0.169736929838379
0.343343343343343,-0.350647572985152,-0.17488614892539
0.344344344344344,-0.349034144371653,-0.179809242205427
0.345345345345345,-0.347125773211111,-0.184456627207755
0.346346346346346,-0.344906483310613,-0.188776914738195
0.347347347347347,-0.342386364140683,-0.192730854083647
0.348348348348348,-0.339600344502482,-0.196308736166556
0.349349349349349,-0.336573339099241,-0.199537442866547
0.35035035035035,-0.333335150064433,-0.202443230794287
0.351351351351351,-0.329927601238242,-0.205075433509815
0.352352352352352,-0.326406153290177,-0.207490198012862
0.353353353353353,-0.322792881191706,-0.20973223530571
0.354354354354354,-0.319114239469563,-0.211822866732875
0.355355355355355,-0.315415813618848,-0.213774247462521
0.356356356356356,-0.311727864977411,-0.215559334778186
0.357357357357357,-0.308045831670171,-0.217142055680429
0.358358358358358,-0.304313232390916,-0.218489094917513
0.359359359359359,-0.300453828651538,-0.219564138942358
0.36036036036036,-0.296414241957833,-0.22033792661847
0.361361361361361,-0.29214521936891,-0.22081019951331
0.362362362362362,-0.287623446882624,-0.221020954440873
0.363363363363363,-0.282810513237762,-0.221023906061191
0.364364364364364,-0.277700607043221,-0.220837243237621
0.365365365365365,-0.272310872016108,-0.22042315692399
0.366366366366366,-0.26666328710202,-0.21973575777684
0.367367367367367,-0.260795247421635,-0.218744507528509
0.368368368368368,-0.254752540680976,-0.217426956680348
0.369369369369369,-0.248603046560731,-0.215803088132268
0.37037037037037,-0.24241001557238,-0.213918403828818
0.371371371371371,-0.236243224630532,-0.211837919129685
0.372372372372372,-0.230174767234428,-0.209634885943204
0.373373373373373,-0.224242810916826,-0.20734193324369
0.374374374374374,-0.21847677444626,-0.204974821392253
0.375375375375375,-0.212894767951709,-0.202565878878522
0.376376376376376,-0.207485026633031,-0.200159554803098
0.377377377377377,-0.202248595869856,-0.197783467668947
0.378378378378378,-0.19720595837367,-0.195447756443603
0.379379379379379,-0.192388851938417,-0.193140619772676
0.38038038038038,-0.187833189233111,-0.190858154183412
0.381381381381381,-0.183584702997075,-0.188575437153777
0.382382382382382,-0.17968017131237,-0.186274612138283
0.383383383383383,-0.176166766245283,-0.18397266888399
0.384384384384384,-0.173072867315479,-0.181693993837948
0.385385385385385,-0.170420085063176,-0.179450658764701
0.386386386386386,-0.168203901913259,-0.177276516399214
0.387387387387387,-0.166426930716738,-0.175229966541903
0.388388388388388,-0.165097520049549,-0.173348357052995
0.389389389389389,-0.164238626870445,-0.171639072212901
0.39039039039039,-0.163846258028911,-0.170099820937231
0.391391391391391,-0.163910539765294,-0.168747404765186
0.392392392392392,-0.164405915384301,-0.167602885698886
0.393393393393393,-0.165273495631661,-0.166642808081911
0.394394394394394,-0.166447752369598,-0.165821024582584
0.395395395395395,-0.167833793268183,-0.165128225036444
0.396396396396396,-0.169368225116555,-0.164553499088458
0.397397397397397,-0.170989698573974,-0.164085786392668
0.398398398398398,-0.172657059793066,-0.16369289444038
0.399399399399399,-0.174309354310508,-0.163333226344959
0.4004004004004,-0.175877864497629,-0.162972031152734
0.401401401401401,-0.177324912161845,-0.162574770083925
0.402402402402402,-0.178631333861843,-0.162092516750276
0.403403403403403,-0.179757507077242,-0.161527688887378
0.404404404404404,-0.180658661612917,-0.160889507263775
0.405405405405405,-0.181265968097915,-0.160187113805533
0.406406406406406,-0.181517253195464,-0.159468502858933
0.407407407407407,-0.181420191039372,-0.158771801463078
0.408408408408408,-0.180989436167069,-0.158100832643523
0.409409409409409,-0.180257844128602,-0.157465791198414
0.41041041041041,-0.17926319050266,-0.156871238567141
0.411411411411411,-0.178050838650588,-0.156297544178531
0.412412412412412,-0.176641319933031,-0.155712197635838
0.413413413413413,-0.175062346556383,-0.155114307831022
0.414414414414414,-0.17333652349351,-0.154534260267942
0.415415415415415,-0.171473619251664,-0.153987125176886
0.416416416416416,-0.169448149794086,-0.153460263843366
0.417417417417417,-0.167219299733107,-0.15294500239505
0.418418418418418,-0.164741641937755,-0.152434559150322
0.419419419419419,-0.162005013244238,-0.151931438329443
0.42042042042042,-0.159010496792976,-0.151448728918092
0.421421421421421,-0.155705250712484,-0.15099556726941
0.422422422422422,-0.152053994955026,-0.150559248386046
0.423423423423423,-0.148058386200279,-0.150126048218895
0.424424424424424,-0.143744012798325,-0.149697261153517
0.425425425425425,-0.139127796915593,-0.149277308829662
0.426426426426426,-0.13418796325595,-0.148890194064576
0.427427427427427,-0.128921893678934,-0.148573984056188
0.428428428428428,-0.123389226242444,-0.148380288381005
0.429429429429429,-0.11764069480341,-0.148352995246833
0.43043043043043,-0.111709799635063,-0.148495198015295
0.431431431431431,-0.105603428464113,-0.148764382587172
0.432432432432432,-0.0993513018118732,-0.14913712263957
0.433433433433433,-0.0930039461773209,-0.149586195450474
0.434434434434434,-0.0866423864291828,-0.150083892052196
0.435435435435435,-0.0803450812955352,-0.15061879041619
0.436436436436436,-0.074194434883888,-0.151238113306547
0.437437437437437,-0.0682648941818429,-0.151965204805413
0.438438438438438,-0.0626151177823022,-0.152784724099058
0.439439439439439,-0.057254853395933,-0.153647595131644
0.44044044044044,-0.052164067023746,-0.154519566115071
0.441441441441441,-0.0472996970574316,-0.155367033538477
0.442442442442442,-0.0425812966421644,-0.156185884502086
0.443443443443443,-0.0379570411404316,-0.15700348003985
0.444444444444444,-0.0333626817169515,-0.157837508042342
0.445445445445445,-0.0287446869597911,-0.158686503757863
0.446446446446446,-0.0240742887494979,-0.159534737635728
0.447447447447447,-0.019335685537787,-0.16038849278079
0.448448448448448,-0.0145125867342261,-0.161281950421592
0.449449449449449,-0.00959101946654211,-0.162291079419695
0.45045045045045,-0.00455468462333574,-0.163515520420221
0.451451451451451,0.000605931229603666,-0.165021589589306
0.452452452452452,0.00584320562031576,-0.166850962207872
0.453453453453453,0.0111015492467648,-0.169034268362482
0.454454454454454,0.0163438882607207,-0.171548586831109
0.455455455455455,0.0215671834100401,-0.17435781901865
0.456456456456456,0.0267719823601322,-0.177447675725385
0.457457457457457,0.0319881871782463,-0.180832232243059
0.458458458458458,0.03724564743428,-0.184511590739157
0.459459459459459,0.0425788341085193,-0.188439369840031
0.46046046046046,0.0480275634203562,-0.192558445272656
0.461461461461461,0.0535731079727498,-0.196840139559982
0.462462462462462,0.0591982454603653,-0.201276254961269
0.463463463463463,0.0648736935874788,-0.205832587781032
0.464464464464464,0.0705866288880861,-0.210457564042609
0.465465465465465,0.0763100856181904,-0.215113485558373
0.466466466466466,0.0819853941500345,-0.219741520620198
0.467467467467467,0.0875586559464239,-0.224316882308312
0.468468468468468,0.0929843993701503,-0.228820026003066
0.469469469469469,0.0981930702788784,-0.23325130064683
0.47047047047047,0.103107342565223,-0.237583611915592
0.471471471471471,0.107663573169735,-0.241817915585469
0.472472472472472,0.111790405139288,-0.246005487190807
0.473473473473473,0.115493313658952,-0.2502272495871
0.474474474474474,0.118763900169133,-0.2545577383036
0.475475475475475,0.121602425015513,-0.259068751863349
0.476476476476476,0.124018342062018,-0.263791751682574
0.477477477477477,0.126049552224061,-0.268706615555916
0.478478478478478,0.127742296427793,-0.273749961944163
0.479479479479479,0.129103049960293,-0.278876553759198
0.48048048048048,0.130139975262936,-0.284037363990321
0.481481481481481,0.130863454160898,-0.289194661578979
0.482482482482482,0.131300786057363,-0.294326618066557
0.483483483483483,0.131484981066415,-0.299469926305209
0.484484484484485,0.131425896967681,-0.304694411355545
0.485485485485485,0.13114533748295,-0.310078201942999
0.486486486486486,0.130652927494931,-0.31566488416156
0.487487487487487,0.129959612531314,-0.321462553913589
0.488488488488488,0.12910341061499,-0.327464060813399
0.48948948948949,0.128116721265712,-0.333657623850822
0.49049049049049,0.126983699895361,-0.340014190443497
0.491491491491491,0.125674452898537,-0.346523234219745
0.492492492492492,0.124175819409674,-0.353172178808874
0.493493493493493,0.12250321960099,-0.359953558305796
0.494494494494495,0.120685708897762,-0.366836692846699
0.495495495495495,0.118753051793035,-0.373773807945857
0.496496496496497,0.116736139762248,-0.380708268082479
0.497497497497497,0.114644450329658,-0.387596193334656
0.498498498498498,0.112528659596283,-0.394397502143474
0.4994994994995,0.110477680445374,-0.401074766579298
0.500500500500501,0.108553901733671,-0.407593165045879
0.501501501501502,0.106823272136656,-0.413954512903898
0.502502502502503,0.105338513615288,-0.420162883586937
0.503503503503503,0.104129761743836,-0.426216884722191
0.504504504504504,0.103208301728056,-0.432122641880411
0.505505505505506,0.102603795367601,-0.437901472667511
0.506506506506507,0.10233139674108,-0.443567545852108
0.507507507507508,0.102397758845646,-0.449131464516366
0.508508508508508,0.102801064635972,-0.45462624191621
0.509509509509509,0.10354299100238,-0.460114734885943
0.510510510510511,0.104631900540263,-0.465626398983537
0.511511511511512,0.106034872498102,-0.471201520348974
0.512512512512513,0.107739619634059,-0.476871561939535
0.513513513513513,0.109720328990026,-0.482655519611693
0.514514514514514,0.111963301869594,-0.488566024416753
0.515515515515516,0.11443178073679,-0.494603149778228
0.516516516516517,0.117085042386619,-0.500771352823972
0.517517517517518,0.119885065395173,-0.507067394844539
0.518518518518518,0.122797559387527,-0.51348106010255
0.519519519519519,0.125830927266788,-0.520016431363348
0.520520520520521,0.128965386767505,-0.526663843416587
0.521521521521522,0.132195976293523,-0.533425121453977
0.522522522522523,0.135518625220811,-0.540291092098757
0.523523523523523,0.138925857834682,-0.54728972526696
0.524524524524524,0.142401930178893,-0.554446303131506
0.525525525525526,0.145888699160264,-0.561749461966163
0.526526526526527,0.149371822107646,-0.569175567375403
0.527527527527528,0.152821039047256,-0.576716900691391
0.528528528528528,0.156217560618494,-0.584376991899172
0.529529529529529,0.159548737381502,-0.592159230930288
0.530530530530531,0.162792795881672,-0.600037529051916
0.531531531531532,0.165933390069557,-0.607980462010725
0.532532532532533,0.16898933807859,-0.61598378047233
0.533533533533533,0.171999020406953,-0.624047051914908
0.534534534534534,0.175002407433118,-0.63214485231184
0.535535535535536,0.178059505698676,-0.640276892894003
0.536536536536537,0.181237132633559,-0.648453071390533
0.537537537537538,0.184636799751851,-0.65667517271521
0.538538538538539,0.188321378522284,-0.664905211419061
0.539539539539539,0.192334852607243,-0.673103348998728
0.540540540540541,0.196740930705289,-0.681229446245099
0.541541541541542,0.201545564055964,-0.689232398181258
0.542542542542543,0.206700135336233,-0.697073070508546
0.543543543543544,0.212146768508973,-0.7046792430051
0.544544544544544,0.2177913154602,-0.71200499967285
0.545545545545546,0.22357526416446,-0.719006160677222
0.546546546546547,0.229477718495686,-0.725636741665421
0.547547547547548,0.235481345514995,-0.731861884049648
0.548548548548549,0.241536071755014,-0.737683855704901
0.54954954954955,0.24763747399948,-0.74313314105551
0.550550550550551,0.253788115130442,-0.748242886667298
0.551551551551552,0.259952346372064,-0.753052628638567
0.552552552552553,0.266051537812613,-0.757656506565539
0.553553553553554,0.272002397665519,-0.762158005547933
0.554554554554555,0.277716592004114,-0.76662782179775
0.555555555555556,0.283134682714051,-0.771131041749781
0.556556556556557,0.288223521955025,-0.775707400243881
0.557557557557558,0.292951134094243,-0.780363110814527
0.558558558558559,0.297302839131047,-0.785116316682909
0.55955955955956,0.301247938009055,-0.789986369617486
0.560560560560561,0.304777792274352,-0.79503516554396
0.561561561561562,0.30790950552788,-0.800310139111509
0.562562562562563,0.310621551607333,-0.805813362317368
0.563563563563564,0.312881261181838,-0.811521835592833
0.564564564564565,0.314676854851546,-0.817407926993354
0.565565565565566,0.315979007032079,-0.823421439576994
0.566566566566567,0.316776974042291,-0.829515711016211
0.567567567567568,0.317080544235065,-0.835626460722791
0.568568568568569,0.316862949406417,-0.841671439568307
0.56956956956957,0.3161042289273,-0.847570757947072
0.570570570570571,0.314811424516697,-0.853258666952313
0.571571571571572,0.313020382378744,-0.858703633312442
0.572572572572573,0.310775127907057,-0.863886264898144
0.573573573573574,0.308113111162915,-0.868769762750555
0.574574574574575,0.305060251199117,-0.873333100831522
0.575575575575576,0.301642713310644,-0.877543409284638
0.576576576576577,0.297883489446522,-0.881352435327092
0.577577577577578,0.293811839711679,-0.884709533360365
0.578578578578579,0.289455466706323,-0.887538338742312
0.57957957957958,0.284853798998074,-0.889784439900839
0.580580580580581,0.280040776125811,-0.891451009982384
0.581581581581582,0.275065814830462,-0.892598214719521
0.582582582582583,0.269989777278677,-0.893304967573242
0.583583583583584,0.264870223847248,-0.893656259072269
0.584584584584585,0.259772447452542,-0.893720621895224
0.585585585585586,0.254760248975532,-0.893569695363738
0.586586586586587,0.249898684520374,-0.893277888860015
0.587587587587588,0.245276857126084,-0.892928733788992
0.588588588588589,0.240949298146408,-0.89262538619953
0.58958958958959,0.236980741810149,-0.892464776343946
0.590590590590591,0.23341333832367,-0.89251435887419
0.591591591591592,0.230299380012931,-0.892777810654417
0.592592592592593,0.227674296026061,-0.893252448474035
0.593593593593594,0.225538875376708,-0.8939224403227
0.594594594594595,0.223914665387364,-0.894799592343949
0.595595595595596,0.222839569315806,-0.895903406463422
0.596596596596597,0.222348304624735,-0.897261753746339
0.597597597597598,0.222469895859446,-0.898888452791958
0.598598598598599,0.22319340372729,-0.900787330882487
0.5995995995996,0.2245046285981,-0.902945142321951
0.600600600600601,0.226389738600772,-0.905357730843892
0.601601601601602,0.228789724845153,-0.908013200005223
0.602602602602603,0.231629412105986,-0.910926865320003
0.603603603603604,0.234856007683655,-0.914105414598216
0.604604604604605,0.238413591524115,-0.917502929175954
0.605605605605606,0.242286051953423,-0.921101227617437
0.606606606606607,0.24650746718562,-0.924891979854745
0.607607607607608,0.251124845772241,-0.928878321495696
0.608608608608609,0.256148751145775,-0.933066921325953
0.60960960960961,0.261554568588717,-0.937466508008625
0.610610610610611,0.267311161333723,-0.942087082316905
0.611611611611612,0.273355709669989,-0.946918801520831
0.612612612612613,0.279621182023707,-0.951945524463058
0.613613613613614,0.2860317382694,-0.957148647348191
0.614614614614615,0.292520320632411,-0.962512713458337
0.615615615615616,0.299054700957219,-0.968044587534305
0.616616616616617,0.305590633802513,-0.973730696656211
0.617617617617618,0.312120626603532,-0.979554456085077
0.618618618618619,0.318626918908793,-0.98550974755034
0.61961961961962,0.325079441731368,-0.991552971424055
0.620620620620621,0.331417238990938,-0.997600786197776
0.621621621621622,0.337594323051138,-1.00357135402481
0.622622622622623,0.343566095526817,-1.00936719867791
0.623623623623624,0.349300367654176,-1.01492069908539
0.624624624624625,0.354774133486347,-1.02018529924105
0.625625625625626,0.359993162564063,-1.02518340842156
0.626626626626627,0.36495204345565,-1.02996472402629
0.627627627627628,0.369642085136128,-1.03458873269243
0.628628628628629,0.374091541041051,-1.0391312199297
0.62962962962963,0.378336583066825,-1.04365101982236
0.630630630630631,0.382401915618366,-1.04819715815997
0.631631631631632,0.386322759648869,-1.05279559058647
0.632632632632633,0.390104469614595,-1.05747535779471
0.633633633633634,0.393734242649505,-1.06224893111656
0.634634634634635,0.39719907184568,-1.06710999456212
0.635635635635636,0.400540531364377,-1.07204680261425
0.636636636636637,0.40380881798555,-1.07701914312592
0.637637637637638,0.407043029858892,-1.0819962375017
0.638638638638639,0.410287727495392,-1.08695207391111
0.63963963963964,0.413597412428976,-1.09186546591247
0.640640640640641,0.41701395180296,-1.09672434977483
0.641641641641642,0.420551260175097,-1.10151375024456
0.642642642642643,0.424220522567456,-1.10624255958571
0.643643643643644,0.428012233376101,-1.11093550733092
0.644644644644645,0.431887239604671,-1.11562103272387
0.645645645645646,0.43580899668064,-1.12033819563287
0.646646646646647,0.439743639753808,-1.12509019799873
0.647647647647648,0.443706648931311,-1.12987568687412
0.648648648648649,0.44774597899991,-1.13470629635745
0.64964964964965,0.451886262583691,-1.13960927002163
0.650650650650651,0.456112395582092,-1.14460085301533
0.651651651651652,0.460417163625286,-1.149701737111
0.652652652652653,0.464800649568733,-1.15490430182306
0.653653653653654,0.469264181574004,-1.16020859317791
0.654654654654655,0.473810293551938,-1.16562791957916
0.655655655655656,0.47844117747768,-1.17116911255842
0.656656656656657,0.483143667164964,-1.17684179497522
0.657657657657658,0.487934993558837,-1.18267308320116
0.658658658658659,0.492848917789573,-1.18870737905283
0.65965965965966,0.497884890532597,-1.19497091264129
0.660660660660661,0.503012620432051,-1.20149415304213
0.661661661661662,0.508211587900284,-1.20829314505279
0.662662662662663,0.513468042597611,-1.21532827236539
0.663663663663664,0.518753773666866,-1.22252322066589
0.664664664664665,0.52403529798399,-1.22978121360012
0.665665665665666,0.529275447279526,-1.23699835125882
0.666666666666667,0.534464207569375,-1.2440788720971
0.667667667667668,0.539614077582222,-1.25093628037712
0.668668668668669,0.544739468337398,-1.25750739458947
0.66966966966967,0.549816577981288,-1.26369924128965
0.670670670670671,0.554820865649705,-1.26945484529183
0.671671671671672,0.559733502984626,-1.27477329079071
0.672672672672673,0.564544519669995,-1.27964582782058
0.673673673673674,0.56922628864729,-1.28405564824927
0.674674674674675,0.573748581312776,-1.28797099129563
0.675675675675676,0.578093043118576,-1.2914159266832
0.676676676676677,0.582275282288528,-1.29442387509704
0.677677677677678,0.586329081738118,-1.29700135892489
0.678678678678679,0.590254603873664,-1.29912497496669
0.67967967967968,0.594032605237533,-1.30077355573939
0.680680680680681,0.597639938345196,-1.30194031407131
0.681681681681682,0.601068618275752,-1.30267732459897
0.682682682682683,0.604319405661272,-1.30303510388811
0.683683683683684,0.607392661669393,-1.30303545349643
0.684684684684685,0.610313304293094,-1.30268182477413
0.685685685685686,0.613121832177068,-1.30196418155383
0.686686686686687,0.61587133403509,-1.30086504674312
0.687687687687688,0.618607738806427,-1.29939901182988
0.688688688688689,0.621363968799791,-1.29756939835858
0.68968968968969,0.624151729344163,-1.29541042030034
0.690690690690691,0.626970339270589,-1.2929939495359
0.691691691691692,0.629811757939618,-1.29039112118211
0.692692692692693,0.632668352671457,-1.28767019058147
0.693693693693694,0.635526317600257,-1.28487394069024
0.694694694694695,0.638400355434279,-1.28199427589141
0.695695695695696,0.641303864966821,-1.27903796373267
0.696696696696697,0.644240274716245,-1.27603273448289
0.697697697697698,0.647199037415879,-1.27300968847767
0.698698698698699,0.6502102697471,-1.26999709519796
0.6996996996997,0.65331961950886,-1.26700746484022
0.700700700700701,0.656532961598197,-1.26405761645917
0.701701701701702,0.659833115745386,-1.26115553642298
0.702702702702703,0.663190504502786,-1.25831271813071
0.703703703703704,0.666548487348509,-1.25552477412221
0.704704704704705,0.669843723804783,-1.25278214405321
0.705705705705706,0.673010518079337,-1.25008970272188
0.706706706706707,0.675999770957526,-1.24746732502599
0.707707707707708,0.678800441155074,-1.24493753771423
0.708708708708709,0.681433792795493,-1.24253115708559
0.70970970970971,0.683915920818543,-1.24029561738965
0.710710710710711,0.686253795192714,-1.23827368028775
0.711711711711712,0.688406883127938,-1.23644626964884
0.712712712712713,0.690319030414288,-1.23477478089134
0.713713713713714,0.691962691025933,-1.23325334267746
0.714714714714715,0.693278653717669,-1.23189686213285
0.715715715715716,0.694201103955154,-1.23074492022735
0.716716716716717,0.694666695069518,-1.22983169682007
0.717717717717718,0.694661473515774,-1.22920672116851
0.718718718718719,0.694207808000589,-1.22890455194935
0.71971971971972,0.693327920621116,-1.22893972565694
0.720720720720721,0.692054424239875,-1.22930200559807
0.721721721721722,0.690400371148047,-1.22994871381015
0.722722722722723,0.688395589554629,-1.23085533841497
0.723723723723724,0.686057323401688,-1.23201492846134
0.724724724724725,0.683378924489081,-1.23340888241436
0.725725725725726,0.680353573699099,-1.23499022078156
0.726726726726727,0.677004387223813,-1.23671893284154
0.727727727727728,0.673361361743601,-1.23856338349439
0.728728728728729,0.66943809265004,-1.24048710514628
0.72972972972973,0.665283000247945,-1.24244246737936
0.730730730730731,0.660974697178709,-1.24437657732908
0.731731731731732,0.656632100387278,-1.24628349488279
0.732732732732733,0.652375636908966,-1.24814065871035
0.733733733733734,0.648342626886847,-1.24995044295781
0.734734734734735,0.644648880172668,-1.25166816601145
0.735735735735736,0.64140773308053,-1.25329750749914
0.736736736736737,0.638713636036192,-1.25486461455863
0.737737737737738,0.636645946074439,-1.25636718727738
0.738738738738739,0.635270809135322,-1.25781791499166
0.73973973973974,0.634616197883641,-1.25921388934709
0.740740740740741,0.634658363494682,-1.26055707225025
0.741741741741742,0.635355812784695,-1.26186813186905
0.742742742742743,0.636657307586377,-1.26316124430912
0.743743743743744,0.638503926621842,-1.26442829563212
0.744744744744745,0.640847070029002,-1.26567247525027
0.745745745745746,0.643657045957471,-1.26692564297099
0.746746746746747,0.646867907986748,-1.26823308223173
0.747747747747748,0.650403905152354,-1.26963396261547
0.748748748748749,0.654228224028343,-1.27116810426297
0.74974974974975,0.65832086603476,-1.27287474917486
0.750750750750751,0.662610774594429,-1.2748001678237
0.751751751751752,0.66704295301928,-1.27698052635747
0.752752752752753,0.671582993435807,-1.27943196049928
0.753753753753754,0.676209641381094,-1.2821806227802
0.754754754754755,0.680900715943516,-1.28520589998098
0.755755755755756,0.685625307841363,-1.28847511757106
0.756756756756757,0.690364549549032,-1.29191959081943
0.757757757757758,0.695113704332173,-1.29547372571723
0.758758758758759,0.699889816794572,-1.29910046111376
0.75975975975976,0.704727168262304,-1.30280922564226
0.760760760760761,0.709653280749886,-1.30661047641174
0.761761761761762,0.714680593073712,-1.31048537267894
0.762762762762763,0.719837566504341,-1.3143997487894
0.763763763763764,0.725178264622911,-1.31832886016794
0.764764764764765,0.730720549078581,-1.32221408039277
0.765765765765766,0.736453945274323,-1.32601645856531
0.766766766766767,0.742340465015794,-1.3297261592564
0.767767767767768,0.748338768973263,-1.3333498456508
0.768768768768769,0.754434628722293,-1.33689006144115
0.76976976976977,0.760639160105821,-1.34034723487644
0.770770770770771,0.766969131752433,-1.34371314024022
0.771771771771772,0.773435843330045,-1.34700020396779
0.772772772772773,0.780099152246241,-1.35020774248398
0.773773773773774,0.786986485317418,-1.35328629907429
0.774774774774775,0.794133694426968,-1.35618762430095
0.775775775775776,0.801551221545183,-1.35883668882315
0.776776776776777,0.809202130394034,-1.3611679141666
0.777777777777778,0.817011544567154,-1.36311519424849
0.778778778778779,0.82490532705887,-1.36463633340422
0.77977977977978,0.832810662938238,-1.36572965746667
0.780780780780781,0.840632677532686,-1.36642318413186
0.781781781781782,0.848317211062441,-1.3667548045977
0.782782782782783,0.855811727222795,-1.36675296667641
0.783783783783784,0.863036672216693,-1.36644112556386
0.784784784784785,0.869895734476621,-1.36582769141799
0.785785785785786,0.876350707175929,-1.36489618308718
0.786786786786787,0.882393612500171,-1.3636118048808
0.787787787787788,0.888042178030035,-1.36197663850213
0.788788788788789,0.89331636116804,-1.35998937833004
0.78978978978979,0.898203864083959,-1.35767237926008
0.790790790790791,0.902699925280031,-1.35505592626979
0.791791791791792,0.906808611746947,-1.352183806307
0.792792792792793,0.910561951054722,-1.34910173201207
0.793793793793794,0.914009518925307,-1.34583627892023
0.794794794794795,0.917242080444441,-1.34237707404413
0.795795795795796,0.920349276588835,-1.3387415530572
0.796796796796797,0.923420212384894,-1.33493552547753
0.797797797797798,0.926502495508889,-1.33097537898654
0.798798798798799,0.92962770309113,-1.32686631559259
0.7997997997998,0.932844013755941,-1.3226675702224
0.800800800800801,0.936147007855814,-1.31845767290674
0.801801801801802,0.939498842234666,-1.31427848541042
0.802802802802803,0.94289499797554,-1.31016589460968
0.803803803803804,0.94634002387093,-1.30612815551354
0.804804804804805,0.949848160470585,-1.30218686880948
0.805805805805806,0.953438110667474,-1.29836037121856
0.806806806806807,0.957108002684296,-1.29471346332128
0.807807807807808,0.960810591510933,-1.29131209838658
0.808808808808809,0.964499338822843,-1.2882470166672
0.80980980980981,0.968170753964336,-1.28559172803775
0.810810810810811,0.971834119472655,-1.28339342768699
0.811811811811812,0.975494013980992,-1.28169790008351
0.812812812812813,0.97912800798381,-1.28053912469423
0.813813813813814,0.982716112130477,-1.27991637285141
0.814814814814815,0.986254248331149,-1.27983289564338
0.815815815815816,0.989728106731102,-1.28028726974075
0.816816816816817,0.993147414210246,-1.28130305974114
0.817817817817818,0.99652955521226,-1.28288550980562
0.818818818818819,0.99988218141481,-1.28501813872904
0.81981981981982,1.00319699702989,-1.28769307625928
0.820820820820821,1.00648169597308,-1.29089532159614
0.821821821821822,1.00974651038113,-1.29459990645235
0.822822822822823,1.01293742208119,-1.29878314133
0.823823823823824,1.01593521804754,-1.30343476676328
0.824824824824825,1.0186783790414,-1.30855984488745
0.825825825825826,1.02115625734232,-1.31413597303682
0.826826826826827,1.02340709174284,-1.32012734965052
0.827827827827828,1.02546835475473,-1.3265048294757
0.828828828828829,1.02735436647496,-1.33325303633536
0.82982982982983,1.02906161552474,-1.34035612301011
0.830830830830831,1.03058343116042,-1.34781793623548
0.831831831831832,1.03194089943923,-1.35562513893114
0.832832832832833,1.03321978655929,-1.36375430797652
0.833833833833834,1.03451961569138,-1.37220804779074
0.834834834834835,1.03591586389831,-1.38095820181192
0.835835835835836,1.03744541158116,-1.389968977006
0.836836836836837,1.03916333313752,-1.3991822094684
0.837837837837838,1.0411170870427,-1.40852727653685
0.838838838838839,1.04336980940269,-1.41788554121895
0.83983983983984,1.04597259657136,-1.42718260632204
0.840840840840841,1.04892358988096,-1.43638890798096
0.841841841841842,1.0522133619436,-1.44547454999682
0.842842842842843,1.05583588981307,-1.45443431001868
0.843843843843844,1.05982023633394,-1.46325918647083
0.844844844844845,1.06420903538447,-1.47196094023724
0.845845845845846,1.06900003246086,-1.48051536164216
0.846846846846847,1.07416956496852,-1.48889970276541
0.847847847847848,1.07970476646583,-1.4970673620618
0.848848848848849,1.08560247816937,-1.50497105610722
0.84984984984985,1.09187438269109,-1.51262290917859
0.850850850850851,1.09850591273333,-1.52004609114328
0.851851851851852,1.10551093537533,-1.52728812908102
0.852852852852853,1.11289631470452,-1.53439084542495
0.853853853853854,1.12065285388893,-1.54139464898988
0.854854854854855,1.12874811330446,-1.54830450439278
0.855855855855856,1.13713161217282,-1.55513446631898
0.856856856856857,1.14572846788895,-1.56194183962662
0.857857857857858,1.15448041889083,-1.56878176348408
0.858858858858859,1.16328745236928,-1.57571622664406
0.85985985985986,1.1720618609862,-1.58278592561343
0.860860860860861,1.18075735465761,-1.58999607862518
0.861861861861862,1.18933482875491,-1.59736589554343
0.862862862862863,1.19769238609162,-1.60490941119977
0.863863863863864,1.20575285350554,-1.61260759755287
0.864864864864865,1.21346921863594,-1.6204216705393
0.865865865865866,1.22079945395631,-1.62827384696817
0.866866866866867,1.2277372278957,-1.63607605798181
0.867867867867868,1.23430179869528,-1.64377964337969
0.868868868868869,1.24050976032232,-1.65136583312598
0.86986986986987,1.24636810227593,-1.65883558691161
0.870870870870871,1.25186759755777,-1.66625635918365
0.871871871871872,1.25705180262205,-1.67367060490784
0.872872872872873,1.26195774968732,-1.6811103548192
0.873873873873874,1.26660493787716,-1.68861224548058
0.874874874874875,1.27098821372869,-1.69618036569354
0.875875875875876,1.27507859443925,-1.70380234202261
0.876876876876877,1.27884437149138,-1.71145847190372
0.877877877877878,1.28229555121406,-1.71913894504403
0.878878878878879,1.28544198987652,-1.72684392786659
0.87987987987988,1.28830014894022,-1.73457895519061
0.880880880880881,1.29089615115271,-1.74234407230276
0.881881881881882,1.29319839512102,-1.75014425814187
0.882882882882883,1.29516044216419,-1.75803095204319
0.883883883883884,1.29675352039106,-1.76606291796954
0.884884884884885,1.29797544242871,-1.77427778650691
0.885885885885886,1.29879762813607,-1.78266836422039
0.886886886886887,1.299215211613,-1.79119341868197
0.887887887887888,1.29924864429646,-1.7998317187771
0.888888888888889,1.29895969528009,-1.80860492844093
0.88988988988989,1.29839447359386,-1.81755314406452
0.890890890890891,1.29757316615698,-1.82666956077691
0.891891891891892,1.2965223498026,-1.83591051548456
0.892892892892893,1.29526969679246,-1.84520856452184
0.893893893893894,1.29383195923228,-1.8544765080903
0.894894894894895,1.29224644688999,-1.86365574952469
0.895895895895896,1.29052292865335,-1.87268743464346
0.896896896896897,1.28869716918884,-1.88155058387286
0.897897897897898,1.28681601788138,-1.89024565980505
0.898898898898899,1.2849513603175,-1.89879628332749
0.8998998998999,1.28318101928512,-1.90722455450413
0.900900900900901,1.28156446280469,-1.91555080764374
0.901901901901902,1.28016204696372,-1.92376018572276
0.902902902902903,1.2789870055958,-1.93183076996995
0.903903903903904,1.27804401894339,-1.93976644196954
0.904904904904905,1.27733028826539,-1.94757038401829
0.905905905905906,1.27687051585464,-1.95527207709487
0.906906906906907,1.27670850444734,-1.96290193573101
0.907907907907908,1.2769043135851,-1.97049423505087
0.908908908908909,1.27749773823012,-1.97811112400227
0.90990990990991,1.27850049285018,-1.98582857739646
0.910910910910911,1.27989953439122,-1.99370909741726
0.911911911911912,1.28169246741507,-2.00175357716692
0.912912912912913,1.28386559270776,-2.00990082559764
0.913913913913914,1.28639864330176,-2.01813624620823
0.914914914914915,1.28926919606028,-2.02641723275194
0.915915915915916,1.29246961492144,-2.03465824516801
0.916916916916917,1.2960066977255,-2.04278385552273
0.917917917917918,1.2999044182674,-2.05072645690063
0.918918918918919,1.3041725670847,-2.05842680457587
0.91991991991992,1.30877267616867,-2.06585969259734
0.920920920920921,1.31365886394118,-2.07303136932423
0.921921921921922,1.31876635813804,-2.07996530441845
0.922922922922923,1.32404618025018,-2.08666508298557
0.923923923923924,1.32940259305952,-2.0931195310834
0.924924924924925,1.33474241615282,-2.09932919024411
0.925925925925926,1.33999780546043,-2.10532745459237
0.926926926926927,1.34510034167475,-2.11114502580864
0.927927927927928,1.34996215882588,-2.11684390159653
0.928928928928929,1.35447759641434,-2.12247233461759
0.92992992992993,1.35856039555144,-2.12809120571207
0.930930930930931,1.36217006277471,-2.13372385003975
0.931931931931932,1.36528614353116,-2.13935927593369
0.932932932932933,1.36788062128981,-2.14497609894143
0.933933933933934,1.36990934902207,-2.15057160226308
0.934934934934935,1.3712747858675,-2.15616103833959
0.935935935935936,1.3719118015821,-2.1617520190582
0.936936936936937,1.37178238072354,-2.16734890224338
0.937937937937938,1.37089207107815,-2.17293496243948
0.938938938938939,1.36926501600006,-2.17849450020963
0.93993993993994,1.36695133119846,-2.1840598004131
0.940940940940941,1.36399580852014,-2.18965866641095
0.941941941941942,1.36045212050779,-2.19532271602445
0.942942942942943,1.35638979764031,-2.20108763587128
0.943943943943944,1.35185011581726,-2.20699333136437
0.944944944944945,1.34686370527699,-2.2130602251215
0.945945945945946,1.34148310093003,-2.21926803665197
0.946946946946947,1.33576833724484,-2.22560195202475
0.947947947947948,1.32976128039846,-2.23204416976592
0.948948948948949,1.32350614396761,-2.23855107018754
0.94994994994995,1.31705780444089,-2.24507409178061
0.950950950950951,1.31048944044799,-2.25158786360532
0.951951951951952,1.30385735649445,-2.25804339225921
0.952952952952953,1.29718907035559,-2.26437424696037
0.953953953953954,1.29049922510791,-2.27053393157944
0.954954954954955,1.2838153090349,-2.27648529034934
0.955955955955956,1.27716102975397,-2.28220653544261
0.956956956956957,1.27057242219364,-2.28766558446389
0.957957957957958,1.26410974329552,-2.29286100356934
0.958958958958959,1.25783169482334,-2.29780189467182
0.95995995995996,1.25177947332529,-2.30248060842398
0.960960960960961,1.24599741488886,-2.30688846759693
0.961961961961962,1.2405091344642,-2.3110461171931
0.962962962962963,1.23534504689977,-2.3149712234388
0.963963963963964,1.23048819605309,-2.31867650013614
0.964964964964965,1.22592863315599,-2.32216290634242
0.965965965965966,1.2216662442654,-2.32544700748887
0.966966966966967,1.21769185575424,-2.32854797190086
0.967967967967968,1.21396534322941,-2.33147075303558
0.968968968968969,1.2104461697444,-2.33423230187465
0.96996996996997,1.20709429621566,-2.33685543727421
0.970970970970971,1.20388136514313,-2.33937115145367
0.971971971971972,1.20076305315127,-2.34182506353806
0.972972972972973,1.19772300996206,-2.34426867472294
0.973973973973974,1.19472971650825,-2.34672666972161
0.974974974974975,1.19172094213666,-2.34922702930411
0.975975975975976,1.18864359862751,-2.35181770359776
0.976976976976977,1.18546478470554,-2.35450558942597
0.977977977977978,1.18217690446242,-2.35728938318402
0.978978978978979,1.17882703727181,-2.36015629111534
0.97997997997998,1.17545090995798,-2.36313382118199
0.980980980980981,1.17210005733929,-2.36625545086031
0.981981981981982,1.16881947419238,-2.36952004612687
0.982982982982983,1.1656645715301,-2.37285770368288
0.983983983983984,1.16265731864786,-2.37617940120302
0.984984984984985,1.15978590517436,-2.37941852882221
0.985985985985986,1.15702534906369,-2.38255598124389
0.986986986986987,1.15435721115504,-2.38554836901893
0.987987987987988,1.15179979372074,-2.38836463013734
0.988988988988989,1.14938300523214,-2.39099079160699
0.98998998998999,1.14709873433162,-2.3934137023677
0.990990990990991,1.14498368840952,-2.3956544015662
0.991991991991992,1.14308796375831,-2.39772421686758
0.992992992992993,1.14150186382444,-2.39962193207133
0.993993993993994,1.14029329724585,-2.40135543681383
0.994994994994995,1.13946884501343,-2.40290223156629
0.995995995995996,1.13895151862912,-2.40426070510603
0.996996996996997,1.13864713816675,-2.40545996975193
0.997997997997998,1.13850255214365,-2.40652870838592
0.998998998998999,1.13843610252523,-2.40745695141633
1,1.13837992702978,-2.40825313131329
